51.4;51.4;0;0.00880566666666667;1;68
51.2;51.2;0;0.00843876103888889;1;68
51.0;51.0;0;0.00807185541111111;1;68
50.7;50.7;0;0.00770494978333333;1;68
50.5;50.5;1;0.00733804415555556;1;68
50.4;50.4;1;0.00697113852777778;1;68
50.4;50.4;1;0.00660425;1;68
50.2;50.2;1;0.00623734437222222;1;68
50;50;1;0.00587043874444444;1;68
50.2;50.2;1;0.00550353311666666;1;68
50.7;50.7;1;0.00513662748888889;1;68
50.5;50.5;1;0.00476972186111111;1;68
50.5;50.5;1;0.00440283333333333;1;68
50.2;50.2;1;0.00440283333333333;1;68
50.3;50.3;1;0.00440283333333333;1;68
50;50;1;0.00440283333333333;1;68
50;50;1;0.00440283333333333;0;68
50;50;1;0.00440283333333333;0;68
50;50;1;0.00440283333333333;0;68
50;50;1;0.00476973611111111;0;68
50;50;1;0.00513663888888889;1;68
49.5;49.5;1;0.00550354166666667;1;68
49.1;49.1;1;0.00587044444444444;1;68
49.0;49.0;1;0.00623734722222222;1;68
49.1;49.1;1;0.00660425;1;68
49.2;49.2;1;0.00697115277777778;1;68
49.3;49.3;1;0.00733805555555556;1;68
49.4;49.4;1;0.00770495833333334;1;68
49.5;49.5;1;0.00807186111111111;1;68
49.6;49.6;1;0.00843876388888889;1;68
49.7;49.7;1;0.00880566666666667;1;68
49.6;49.6;1;0.0113739861111111;1;68
49.7;49.7;1;0.0139423055555555;1;68
49.8;49.8;1;0.016510625;1;68
49.9;49.9;1;0.0190789444444444;1;68
50.3;50.3;0;0.0216472638888889;1;68
50.7;50.7;0;0.0242155833333333;1;72
51.1;51.1;0;0.0282515138888889;1;72
51.2;51.2;0;0.0322874444444444;1;72
51.3;51.3;0;0.036323375;1;72
51.4;51.4;0;0.0403593055555556;1;72
51.5;51.5;0;0.0443952361111111;1;72
51.6;51.6;0;0.0484311666666667;1;72
52.3;52.3;0;0.0473304583333334;1;72
52.7;52.7;0;0.04622975;0;72
53.1;53.1;0;0.0451290416666667;0;72
53.0;53.0;0;0.0440283333333334;0;72
53.1;53.1;0;0.042927625;0;72
53.2;53.2;0;0.0418269166666667;1;72
52.5;52.5;0;0.0407262083333334;1;72
52.6;52.6;0;0.0396255;1;72
52.7;52.7;0;0.0385247916666667;1;72
52.8;52.8;0;0.0374240833333334;1;72
52.9;52.9;0;0.036323375;1;72
51.1;51.1;0;0.0352226666666667;1;68
51.0;51.0;0;0.0344888611111111;1;68
50.7;50.7;0;0.0337550555555556;1;68
50.2;50.2;0;0.03302125;1;68
50.3;50.3;0;0.0322874444444444;1;68
50.4;50.4;0;0.0315536388888889;1;68
49.1;49.1;0;0.0308198333333333;1;68
48.2;48.2;0;0.0300860277777777;1;68
47.3;47.3;0;0.0293522222222222;1;68
46.4;46.4;0;0.0286184166666666;1;68
44.5;44.5;0;0.0278846111111111;1;68
42.6;42.6;0;0.0271508055555555;1;68
42.0;42.0;0;0.026417;1;68
41.8;41.8;0;0.0256831944444444;1;68
41.2;41.2;0;0.0249493888888889;0;68
40.3;40.3;0;0.0242155833333333;0;68
40.4;40.4;0;0.0234817777777778;0;68
40.5;40.5;0;0.0227479722222222;0;68
40.6;40.6;0;0.0220141666666667;1;68
40.7;40.7;0;0.0216472638888889;1;68
40.5;40.5;0;0.0212803611111111;1;68
40.6;40.6;0;0.0209134583333334;1;68
40.7;40.7;0;0.0205465555555556;1;68
40.8;40.8;0;0.0201796527777778;1;72
41;41;1;0.01981275;1;72
41;41;1;0.01981275;1;72
41;41;1;0.0194458472222222;1;72
41;41;1;0.0190789444444444;1;72
41;41;1;0.0187120416666667;1;72
41;41;1;0.0183451388888889;1;72
40.8;40.8;1;0.0179782361111111;1;72
41.2;41.2;1;0.0176113333333333;1;72
41.1;41.1;1;0.0176113333333333;1;72
41.0;41.0;1;0.0176113333333333;1;72
41.1;41.1;1;0.0176113333333333;1;72
41.2;41.2;1;0.0176113333333333;1;72
41.3;41.3;1;0.0176113333333333;0;72
41;41;1;0.0176113333333333;0;72
41;41;1;0.0179782361111111;0;72
41;41;1;0.0183451388888889;0;72
41;41;1;0.0187120416666666;1;72
41;41;1;0.0190789444444444;1;72
41;41;0;0.0194458472222222;1;72
41;41;0;0.01981275;1;72
41;41;0;0.0216472638888889;1;72
41;41;0;0.0234817777777778;1;72
39.8;39.8;0;0.0253162916666666;1;72
39.9;39.9;0;0.0271508055555555;1;72
39.2;39.2;0;0.0289853194444444;1;72
38.5;38.5;0;0.0308198333333333;1;72
38.4;38.4;0;0.0308198333333333;1;72
38.3;38.3;0;0.0326543472222222;1;72
38.2;38.2;0;0.0344888611111111;1;72
38.1;38.1;0;0.036323375;1;72
38.0;38.0;0;0.0381578888888889;1;72
38.1;38.1;0;0.0399924027777778;1;72
37.3;37.3;0;0.0418269166666667;1;72
37.2;37.2;0;0.0414600138888889;1;72
36.1;36.1;0;0.0410931111111111;1;72
36.0;36.0;0;0.0407262083333334;1;72
36.1;36.1;0;0.0403593055555556;1;72
36.2;36.2;0;0.0399924027777778;1;72
36.3;36.3;0;0.0396255;0;72
36.4;36.4;0;0.0385247916666667;0;72
36.5;36.5;0;0.0374240833333333;0;72
35;35;0;0.036323375;0;72
35;35;0;0.0352226666666667;1;72
34;34;0;0.0341219583333333;1;72
34;34;0;0.03302125;1;72
34;34;0;0.0319205416666667;1;72
34;34;0;0.0308198333333333;1;72
33.1;33.1;0;0.029719125;1;72
33.2;33.2;0;0.0286184166666667;1;72
33.3;33.3;0;0.0275177083333333;1;72
33.4;33.4;0;0.026417;1;72
33.5;33.5;0;0.0256831944444444;1;72
33.6;33.6;0;0.0249493888888889;1;72
33.7;33.7;0;0.0242155833333333;1;72
33.3;33.3;0;0.0234817777777778;1;72
33.4;33.4;0;0.0227479722222222;1;72
33.5;33.5;0;0.0220141666666667;1;72
33.6;33.6;0;0.021524962962963;1;72
33.3;33.3;0;0.0210357592592593;1;72
33.4;33.4;0;0.0205465555555556;1;72
33.5;33.5;0;0.0200573518518519;0;72
33.3;33.3;0;0.0195681481481481;0;72
33.4;33.4;0;0.0190789444444444;0;72
33.5;33.5;0;0.0185897407407407;0;72
33.6;33.6;0;0.018100537037037;1;72
33;33;0;0.0176113333333333;1;72
